%s already exist,%s موجود بالفعل
%s already exists,%s موجود بالفعل
-- Please Select --,-- من فضلك اختر --
Add Block Names to Hints,إضافة حجب أسماء إلى التلميحات
Add Secret Key to URLs,إضافة رمز سري الى عناوين الموقع
Add Store Code to Urls,اضافة رمز المتجر الى عناوين الموقع
Admin,الادارة
Admin Base URL,عنوان الادارة الأساسي
Admin User Emails,عناوين البريد الإلكتروني لمستخدم الادارة
Advanced,متقدم
Allow countries,السماح للدول
Allowed IPs (comma separated),عناوين IP المسموح لها (مفصوله بفواصل)
Are you sure?,هل أنت متأكد؟
Back,للخلف
Backup options,الخيارات الاحتياطية
Base JavaScript URL,عنوان موقع الجافا سكريبت الأساسي
Base Link URL,عنوان الرابط الأساسي
Base Media URL,عنوان الميديا الأساسي
Base Skin URL,عنوان التصميم الأساسي
Base URL,العنوان الأساسي
Before modifying the store view code please make sure that it is not used in index.php,قبل تعيين رمز المتجر يرجى التأكد من انها لم تستخدم في index.php
Before modifying the website code please make sure that it is not used in index.php,قبل تعيين رمز الموقع يرجى التأكد من انها لم تستخدم في index.php
"Block with name ""%s"" already exists","المساحة بالاسم ""%s"" موجودة بالفعل"
Blocks HTML output,مخرجات مساحة HTML
Can't retrieve request object,لا يمكن استرجاع موضوع الطلب
Can't retrieve entity config: %s,لا يمكن استرجاع كيان الإعدادات: %s
Cancel,إلغاء
Cannot Delete Email Template,لا يمكن حذف قالب البريد الإلكتروني
Cannot complete this operation from non-admin area.,لا يمكن إتمام هذه العملية لأنك غير مسجل كمشرف
Category object is required for determining product request path,مطلوب موضوع الفئة لتحديد طريق المنتج المختار
Code,رمز
Collections Data,مجموعات البيانات
Configuration,الاعدادات
Controller file was loaded but class does not exist,ملف المراقب تم تحميله ولكن لم يتم العثور على الطبقة
Cookie Domain,عنوان الCookie
Cookie Lifetime,Cookie المده الزمنية
Cookie Path,Cookie الطريق
Copyright,حق النشر
Countries options,خيارات الدول
Create Store,إنشاء متجر
Create Store View,إنشاء واجهة متجر
Create Website,إنشاء موقع
Current package name,اسم المجموعة الحالية
Custom Design,تصميم مخصص
Custom admin URL,URL تصميم الإدارة
Custom email 1,بريد إلكتروني مخصص 1
Custom email 2,بريد إلكتروني مخصص 2
Customer support,دعم العملاء
Date From,التاريخ من
Date To,التاريخ إلى
"Date/time format ""%s"" is not supported.","تنسيق التاريخ / الوقت ""٪ S"" غير مدعم."
Debug,تحقق
Default,الافتراضي
Default Description,الوصف الإفتراضي
Default Keywords,كلمات البحث الإفتراضية
Default Pages,الصفحات الافتراضية
Default Robots,الروبوتات الافتراضية
Default Store,المتجر الافتراضي
Default Store View,واجهة المتجر الافتراضية
Default Title,العنوان الإفتراضي
Default country,الدولة الافتراضية
Default no-route url,عنوان صفحة لا-طريق الافتراضيه
Default web url,عنوان الموقع الافتراضي
Delete,حذف
Delete Store,حذف متجر
Delete Store View,حذف واجهة المتجر
Delete Website,حذف الموقع
"Deleting a %1$s will not delete the information associated with the %1$s (e.g. categories, products, etc.), but the %1$s will not be able to be restored. It is suggested that you create a database backup before deleting the %1$s.",حذف٪ 1 $ S لا يعني حذف المعلومات المرتبطة ب٪ S $ 1 (على سبيل المثال الفئات، المنتجات، وما إلى ذلك)، ولكن٪ 1 $ S لن تكون قادرة على استعادتها. يقترح أن تقوم بإنشاء نسخة احتياطية لقاعدة البيانات قبل حذف٪ 1 $ S.
Design,تصميم
Design Change,تغيير التصميم
Developer,مطور
Developer Client Restrictions,قيود مطور العملاء
Disable email communications,إلغاء تفعيل التواصل عن طريق البريد الإلكتروني
Disable modules output,تعطيل وحدات الإنتاج
Duplicate Of Template Code,نسخة طبق الاصل من نموذج القانون
Edit Design Change,تحرير تغيير التصميم
Edit Store,تحرير متجر
Edit Store View,تحرير واجهة المتجر
Edit Website,تحرير موقع
Empty identifier field name,إفراغ اسم حقل المعرف
Empty main table name,إفراغ اسم الجدول الرئيسي
Enabled,مفعل
Enabled for Admin,مفعل للمدير
Enabled for Frontend,مفعل لواجهة المتجر
"Error in file: ""%s"" - %s","خطأ في الملف: ""%s"" - %s"
Error while saving. Please try again later.,خطا اثناء الحفظ. يرجى اعادة المحاوله لاحقا.
Error: Passwords do not match,خطأ: كلمات المرور غير متطابقة
Exceptions Log File Name,إستثناءات تسجيل اسم الملف
First Day of Week,أول يوم بالاسبوع
Footer,التذييل
Forgot Password Email Sender,مرسل البريد الالكتروني نسيت كلمة السر
Forgot Password Email Template,قالب البريد الالكتروني نسيت كلمة السر
General,عام
General Settings,إعدادات عامة
General contact,اتصالات عامة
Global,عالمي
HTML Head,HTML رأس
Header,رأس الصفحة
Host,المضيف
Id path for specified store,رقم تعريف المسار المحدد للتخزين
Incorrect credit card expiration date,رقم انتهاء صلاحية بطاقة الإتمان غير صحيح
Invalid base url type,نوع عنوان الموقع غير صحيح
Invalid block name to set child %s: %s,مساحة غير صالحة لوضع اسم الفرع %s: %s
Invalid block type: %s,نوع المساحة غير صحيح: %s
Invalid block: %s,مساحة غير ممكنه: %s
"Invalid layout update argument, expected Mage_Core_Model_Layout_Element",تحديث التنسيق غير صحيحة، من المتوقع mage_core_model_layout_element
Invalid layout update handle,تحديث نسق التعامل غير صالحة
"Invalid messages storage ""%s"" for layout messages initialization","مخزن الرسائل غير صحيح ""%s"" لتهيئة تصميم الرسائل"
Invalid transactional email code: ,قانون معاملات البريد الالكتروني غير صحيح: 
Invalid websites configuration path: %s,مواقع غير صالحة طريق التكوين: %s
Layout,تخطيط
Layouts,تخطيطات
Leave empty for access from any location,اترك فارغا للوصول من أي موقع
Locale,محلي
Locale options,خيارات محلية
Log Settings,إعدادات سجل البيانات
Logging from Mage::log(). File is located in�{{base_dir}}/var/log,تسجيل الدخول من  Mage::log(). الملف موجود في �{{base_dir}}/var/log  :
Logging from Mage::logException(). File is located in�{{base_dir}}/var/log,تسجيل الدخول من Mage:log Exception (). الملف موجود في �{{base_dir}}/var/log
Logo Image Alt,عنوان صورة الشعار Alt
Logo Image Src,موقع صورة الشعار Src
Manage Stores,إدارة المتاجر
Match expressions in the same order as displayed in the configuration.,بحث عن التعبيرات في نفس الترتيب كما هو معروض في التكوين.
Miscellaneous HTML,HTML المتنوعة
Miscellaneous scripts,scripts متنوعة
Model class does not exist: %s,نموذج لا وجود له: %s
Model collection resource name is not defined,اسم نموذج جمع الموارد غير محدد
"Module ""%1$s"" can not be depended from ""%2$s""",لايمكن لوحدة 1$% الاعتماد من 2$%
"Module ""%1$s"" requires module ""%2$s""","وحدة ""٪ 1 $ S"" يتطلب وحدة ""٪ 2 $ S"""
Name,اسم
New Design Change,تغيير تصميم جديد
New Store,متجر جديد
New Store View,واجهة متجر جديدة
New Website,موقع جديد
No,لا
Package,مجموعة
Please choose to register or to checkout as a guest,من فضلك اختر التسجيل او تسجيل الخروج كضيف
Please define flag code.,يرجى تحديد رمز العلم.
Please enter 6 or more characters.,من فضلك قم بإدخال 6 أحرف أو أكثر.
Please enter 6 or more characters. Leading or trailing spaces will be ignored.,من فضلك قم بإدخال 6 أحرف أو أكثر. سيتم تجاهل المسافات قبل أو بعد الأحرف.
Please enter a number greater than 0 in this field.,من فضلك قم بإدخال رقم أكبر من 0 في هذا الحقل.
Please enter a valid $ amount. For example $100.00.,الرجاء ادخال مبلغ صحيح. فعلى سبيل المثال 100،00 دولار.
Please enter a valid URL. For example http://www.example.com or www.example.com,الرجاء ادخال عنوان صحيح. فعلى سبيل المثال http://www.example.com او www.example.com
Please enter a valid URL. http:// is required,الرجاء ادخال عنوان صحيح. http:// مطلوب
Please enter a valid credit card number.,من فضلك قم بإدخال رقم بطاقة إئتمان صحيح.
Please enter a valid date.,من فضلك قم بإدخال تاريخ صحيح.
Please enter a valid email address. For example johndoe@domain.com.,من فضلك قم بإدخال بريد إلكتروني صحيح. كمثال johndoe@domain.com.
Please enter a valid number in this field.,من فضلك قم بإدخال رقم صحيح في هذا الحقل.
Please enter a valid phone number. For example (123) 456-7890 or 123-456-7890.,من فضلك قم بإدخال رقم هاتف صحيح. كمثال (123) 456-7890 أو 123-456-7890.
Please enter a valid social security number. For example 123-45-6789.,الرجاء ادخال رقم ضمان اجتماعي صحيح. فعلى سبيل المثال 123-45-6789.
Please enter a valid zip code.,الرجاء إدخال رمز بريدي صحيح.
Please enter a valid zip code. For example 90602 or 90602-1234.,الرجاء إدخال رمز بريديصحيح. فعلى سبيل المثال 90602 او 90602-1234.
Please enter valid password.,من فضلك قم بإدخال كلمة مرور صحيحة.
"Please make sure that Base URL ends with '/' (slash), e.g. http://yourdomain/magento/","الرجاء التأكد من أن العنوان الاساسي بأن ينتهي ب'/' (slash), e.g. http://yourdomain/magento "
Please make sure your passwords match.,من فضلك تأكد من تطابق كلمة المرور.
Please select State/Province.,من فضلك اختر ولاية/مقاطعة.
Please select an option.,فضلا اختر خيار.
Please select one of the above options.,فضلا اختار من الخيارات الموجوده في الاعلى.
Please select one of the options.,فضلا اختار واحد من الخيارات.
Please specify payment method.,الرجاء تحديد طريقة الدفع
Please specify shipping method.,الرجاء تحديد طريقة الشحن
Please use letters only (a-z or A-Z) in this field.,الرجاء استخدام حروف من (a-z) في هذا الحقل
Please use letters only (a-z) in this field.,فضلا استخدم الحروف من (a-z)في هذه الخانه.
Please use numbers only in this field. please avoid spaces or other characters such as dots or commas.,من فضلك قم باستخدام أرقام فقط في هذا الحقل. من فضلك تجنب استخدام المسافات أو أي رموز أخرى كالنقاط أو الفواصل.
Please use only letters (a-z) or numbers (0-9) only in this field. No spaces or other characters are allowed.,الرجاء استخدام الحروف (a-z) او ارقام (0-9) الا في هذا الميدان. أي فراغات او الشخصيات الأخرى يسمح لل.
Please use only letters (a-z) or numbers (0-9) or spaces and # only in this field.,الرجاء استخدام الحروف (a-z) او ارقام (0-9) أو المساحات و# فقط في هذا المجال.
"Please use only letters (a-z), numbers (0-9) or underscore(_) in this field, first character should be a letter.",الرجاء استخدام الحروف (a-z) ، ارقام (0-9) يؤكد او (_) في هذا المجال ، ينبغي ان يكون الحرف الاول رسالة.
"Please use this date format: dd/mm/yyyy. For example 17/03/2006 for the 17th of March, 2006.",الرجاء استخدام هذا الشكل حتى الآن : اليوم / الشهر / السنة. فعلى سبيل المثال 17/03/2006 للسابع عشر من اذار/مارس ، 2006.
"Please wait, loading...",من فضلك انتظر، جار التحميل...
Polls,إستطلاعات الرأي
Port (25),منفذ (25)
Profiler,المحلل
Prototype Deprecation Log,سجل نموذج الانتقاص
Request path for specified store,طلب مسار لمتجر محدد
"Requested invalid store ""%s""","المتجر المطلوب غير متوفر ""%s"""
Resource is not set,المصدر ليس موضوع
Root Category,الفئة الام
SMTP settings (Windows server only),اوضاع SMTP (نظام النافذة فقط)
Sales representative,مندوب المبيعات
Save,حفظ
Save Store,حفظ المتجر
Save Store View,حفظ واجهة المتجر
Save Website,حفظ الموقع
Search Engines Optimization,محركات البحث الأمثل
Secure,آمن
Security,حماية
Select Date,إختر التاريخ
Sender email,البريد الإلكتروني للمرسل
Sender name,اسم المرسل
Services,خدمات
Session Cookie management,ادارة دورة الCookie
"Session Lifetime, Seconds",عمر الدورة، ثواني
Session Validation Settings,إعدادات دورة التحقق
Set as default,اختر الوضع الافتراضي
Skin (Images / CSS),التصميم (Images / CSS)
Sort order,الترتيب
"Specified date/time ""%1$s"" do not match format ""%2$s"".","""%1$s"" التأريخ / الوقت المحدد لايطابق شكل ""%2$s""."
"Specify either category or product, or both.",حدد اما الفئة أو السلعة ، او كلاهما
Start date can't be greater than end date,تاريخ بداية لا يمكن ان يكون اكبر من تاريخ إنتهاء
Startup page,صفحة بدء التشغيل
Status,الحالة
Store,المتجر
Store Email Addresses,عناوين البريد الإلكتروني للمتجر
Store Information,بيانات المتجر
Store Name,اسم المتجر
Store View,واجهة المتجر
Store View Information,بيانات واجهة المتجر
Store View Name,اسم واجهة المتجر
Store View was successfully saved,تم حفظ واجهة المتجر بنجاح
"Store code should contain only letters (a-z), numbers (0-9) or underscore(_), first character should be a letter",رمز المخزن وينبغي ان تتضمن الحروف (a-z) ، ارقام (0-9) يؤكد او (_) ، الحرف الأول ينبغي ان يكون رسالة
Store doesn't exist,المتجر غير موجود
Store view doesn't exist,واجهة المتجر غير موجودة
Store view was successfully deleted.,لقد تم حذف واجهة المتجر بنجاح
Store was successfully deleted.,تم حذف المتجر بنجاح.
Store was successfully saved,تم حفظ المتجر بنجاح
Store with the same code,متجر له نفس الكود
System,النظام
System Log File Name,اسم ملف سجل النظام
Template Path Hints,تلميحات مسار القالب
Templates,قوالب
"The %s you entered is invalid. Please make sure that it follows ""http://domain.com/"" format.","ال  %s  الذي ادخلته غير فعال. الرجاء التأكد من إنه يتبع ""http://domain.com/"" تنسيق"
Themes,مواضيع
This category and all its child elements,هذه الفئة وجميع الفئات الفرعية لها
This category and its child categories only,هذه الفئة و الفئات الفرعية لها فقط
This category and its products only,هذه الفئة و منتجاتها فقط
This category only,هذا الفئة فقط
This is a required field.,هذا الحقل مطلوب.
This store cannot be deleted,لا يمكن حذف هذا المتجر
This store cannot be deleted.,لا يمكن حذف هذا المتجر.
This store view cannot be deleted,لا يمكن حذف واجهة المتجر هذه
This store view cannot be deleted.,لا يمكن حذف واجهة المتجر هذه.
This website cannot be deleted,لا يمكن حذف هذا الموقع الإلكتروني
This website cannot be deleted.,لا يمكن حذف هذا الموقع الإلكتروني.
This will be displayed just before body closing tag,سيتم عرض هذا قبل إغلاق body tag
This will be included before head closing tag in page HTML,سيتم إضافة هذا قبل إغلاق head tag في صفحة HTML
Timezone,منطقة التوقيت
Title Prefix,بداية العنوان
Title Suffix,نهاية العنوان
Translate Inline,الترجمة الضمنية
Translate cache should be disabled for both Frontend and Admin inline translations,يجب أن يتم تعطيل ذاكرة التخزين المؤقت لترجمة كل من الواجهة وترجمات المضمنة الادارية
Translations,ترجمات
"Unable to delete store view. Please, try again later.",لا يمكن حذف واجهة المتجر هذه، الرجاء المحاولة لاحقاً
"Unable to delete store. Please, try again later.",لا يمكن حذف هذا المتجر، الرجاء المحاولة لاحقاً
"Unable to delete website. Please, try again later.",لا يمكن حذف هذا الموقع الإلكتروني ، الرجاء المحاولة لاحقاً
"Unable to proceed. Please, try again",لا يمكن الاستمرار. من فضلك حاول مرة أخرى
"Unknown scope ""%s""","النطاق غير معروف ""%s"""
Unsecure,غير آمن
Url Options,خيارات الموقع
Use HTTP Only,استعمل HTTP  فقط
Use Secure URLs in Admin,استخدم عناوين امنة في الادارة
Use Secure URLs in Frontend,استخدم عناوين امنة في الواجهة الموقع
Use Web Server Rewrites,استخدم إعادة كتابة خادم الويب
Use custom admin URL,استخدام URL مخصص لمدير
Validate HTTP_USER_AGENT,تحقق من صحة HTTP_USER_AGENT
Validate HTTP_VIA,تحقق من صحة HTTP_VIA
Validate HTTP_X_FORWARDED_FOR,تحقق من صحة HTTP_X_FORWARDED_FOR
Validate REMOTE_ADDR,تحقق من صحة  REMOTE_ADDR
Values less than 60 are ignored.,القيم الأقل من 60 تهمل
Web,موقع
Website,الموقع
Website Information,بيانات الموقع
Website Name,اسم الموقع
"Website code should contain only letters (a-z), numbers (0-9) or underscore(_), first character should be a letter",موقع المدونه يجب ان لا تحتوي الا على الحروف (a-z) ، ارقام (0-9) يؤكد او (_) ، الحرف الأول ينبغي ان يكون رسالة
Website doesn't exist,الموقع الإلكتروني غير موجود
Website was successfully deleted.,تم حذف الموقع بنجاح.
Website was successfully saved,تم حفظ الموقع بنجاح
Website with the same code,موقع له نفس الكود
Weekend Days,أيام عطلة نهاية الإسبوع
Welcome Text,نص الترحيب
Wrong number of arguments for %s,عدد نقاشات خاطئ ل %s
Yes,نعم
Your order can not be completed at this time as there is no payment methods available for it.,لا يمكن إتمام طلبك في هذه اللحظة وذلك لعدم وجود طريقة دفع لهذا الطلب
Your order can not be completed at this time as there is no shipping methods available for it. Please make necessary changes in your shipping address.,لا يمكن إتمام طلبك في هذا الوقت بسبب انعدام وجود طريقة الشحن. الرجاء إختيار عنوان الشحن
"Your session has been expired, you will be relogged in now.",لقد انتهت صلاحية جلستك. سيتم إعادة تسجيل دخولك الآن.
Search,بحث
Go,إذهب
Search entire store here...,ابحث في جميع المتجر هنا...
Compare Products,مقارنة السلع
Back to Main Product Info,الرجوع إلى معلومات السلع الرئيسية
You have no items to compare.,ليس لديك بنود للمقارنة
Clear All,حذف كل شيء
Search entire store here...,بحث في كامل المتجر
Search,بحث
About the calendar,عن التقويم
For latest version visit: %s,للحصول على اجدد نسخة قم بزيارة:  %s
Distributed under GNU LGPL. See %s for details.,وزعت بموجب  GNU LGPL. للمعلومات انظر إلى %s
Date selection:,اختيار التاريخ:
"- Use the %s, %s buttons to select year","إستعمل زر  %s, %s لإختيار السنة"
- Use the %s buttons to select month,"إستعمل زر %s, %s لإختيار الشهر"
- Hold mouse button on any of the above buttons for faster selection.,عقد زر الماوس على أي من الأزرار أعلاه لاختيار أسرع.
Time selection:,إختيار الوقت:
- Click on any of the time parts to increase it,انقر على أي من أجزاء الوقت لزيادته
- or click and drag for faster selection.,أو انقر واسحب لاختيار أسرع.
Go Today,إذهب اليوم
Next month (hold for menu),الشهر القادم ( عقد لمدة للقائمة)
Next year (hold for menu),السنة القادمة ( عقد لمدة للقائمة)
Select date,إختيار التاريخ
Drag to move,إسحب لتحريك
Close,إغلاق
(Shift-)Click or drag to change value,(Shift-) انقر أو اسحب لتغيير قيمة
Time:,وقت:
DHTML Date/Time Selector,DHTML تاريخ / وقت محدد