Billing Information,معلومات الدفع
Change Payment Method,تغيير طريقة الدفع
Change Shipping Address,تغيير عنوان الشحن
Edit Shopping Cart,تحرير عربة التسوق
Email,بريد الكتروني
Incl. Tax,شامل للضريبة
Items in Your Shopping Cart,السلع في عربة التسوق الخاصة بك
No shipping method required.,طرق الشحن غير مطلوبة
PayPal Account,حساب PayPal
PayPal Email,البريد الإلكتروني لـ PayPal
Payment Method,طريقة الدفع
Place an Order,تقديم طلب شراء
Please select a shipping method...,من فضلك اختر طريقة شحن...
Price,السعر
Product Name,اسم المنتج
Qty,الكمية
Review Order,معاينة طلب الشراء
Shipping Address,عنوان الشحن
Shipping Information,معلومات الشحن
Shipping Method,طريقة الشحن
"Sorry, no quotes are available for this order at this time.",عذرا، الإقتابس غير متوفر حاليا لهذا الطلب
Submitting order information...,جار إرسال معلومات طلب الشراء...
Subtotal,المجموع الفرعي
Update Shipping Method,تحديث طريقة الشحن
You will be redirected to PayPal website when you place an order.,سيتم إعادة تحويلك لموقع PayPal عند تقديمك لطلب الشراء.
You will be redirected to Paypal in a few seconds.,ٍسوف يتم إعادة توجيهك إلى Paypal في بضع ثوان.
Your billing address will be ignored and you will be redirected to PayPal website,سيتم تجاهل عنوان الدفع الخاص بك وإعادة توجيهك إلى موقع PayPal